workload,rows,indexed,statements,seconds,ops_per_sec,data_bytes,block_reads,block_writes,cache_hits,cache_misses,evictions,catalog_writes,node_visits,latency_p50_us,latency_p99_us,sqlite_seconds,sqlite_ops_per_sec
bulk insert,1000,no,1000,0.4156,2406,24576,6,1005,503958,6,0,1001,0,404,605,0.2556,3912
point select,1000,no,500,0.2817,1775,24576,6,0,502994,6,0,1,0,534,597,0.0081,61660
update by key,1000,no,500,0.3806,1314,24576,6,500,503994,6,0,501,0,733,832,0.1229,4069
delete by key,1000,no,500,0.3162,1581,24576,6,500,378744,6,0,501,0,615,777,0.14,3572
bulk insert,1000,yes,1000,0.2612,3828,40960,10,2499,3998,10,0,1001,2988,250,344,0.3517,2844
point select,1000,yes,500,0.017,29469,40960,10,4,1490,10,0,1,1000,16,35,0.008,62509
update by key,1000,yes,500,0.4221,1185,40960,10,1501,506993,10,0,501,3003,803,991,0.1306,3828
delete by key,1000,yes,500,0.1472,3397,40960,10,1759,5489,10,0,501,4000,270,340,0.175,2858
full scan,1000,no,20,0.0201,994,24576,6,0,20114,6,0,1,0,624,706,0.0052,3833
delete half + reinsert,1000,no,1000,0.564,1773,24576,6,1006,757888,6,0,1001,0,545,760,0.3003,3330
bulk insert,2000,no,2000,1.2122,1650,49152,12,2011,2013833,12,0,2001,0,585,977,0.537,3724
point select,2000,no,500,0.5627,889,49152,12,0,1005988,12,0,1,0,1100,1216,0.0082,60675
update by key,2000,no,500,0.6532,766,49152,12,500,1006988,12,0,501,0,1278,1409,0.1316,3799
delete by key,2000,no,500,0.5902,847,49152,12,500,881738,12,0,501,0,1155,1345,0.1562,3201
bulk insert,2000,yes,2000,0.587,3407,77824,19,5508,9055,19,0,2001,6997,263,322,0.6561,3048
point select,2000,yes,500,0.018,27783,77824,19,7,1481,19,0,1,1000,17,48,0.0082,60894
update by key,2000,yes,500,0.6848,730,77824,19,1500,1009981,19,0,501,3000,1343,1443,0.1298,3851
delete by key,2000,yes,500,0.1498,3339,77824,19,1871,5490,19,0,501,4010,272,347,0.1805,2770
full scan,2000,no,20,0.0327,611,49152,12,0,40228,12,0,1,0,1278,1411,0.0062,3248
delete half + reinsert,2000,no,2000,1.8459,1083,49152,12,2018,3029011,12,0,2001,0,931,1847,0.5686,3517
bulk insert,4000,no,4000,3.9609,1010,98304,24,4023,8051331,24,0,4001,0,976,1769,1.1325,3532
point select,4000,no,500,1.1311,442,98304,24,0,2011976,24,0,1,0,2220,2387,0.0085,58753
update by key,4000,no,500,1.2382,404,98304,24,500,2012976,24,0,501,0,2408,3644,0.1303,3838
delete by key,4000,no,500,1.1673,428,98304,24,500,1887726,24,0,501,0,2294,2786,0.1572,3180
bulk insert,4000,yes,4000,1.0797,3705,151552,37,11526,19277,37,0,4001,15015,262,337,1.1384,3514
point select,4000,yes,500,0.0185,27060,151552,37,13,1463,37,0,1,1000,17,49,0.0084,59547
update by key,4000,yes,500,1.2717,393,151552,37,1502,2015965,37,0,501,3002,2499,2912,0.1557,3212
delete by key,4000,yes,500,0.1664,3005,151552,37,1994,5542,37,0,501,4080,288,592,0.1562,3201
full scan,4000,no,20,0.0591,338,98304,24,0,80456,24,0,1,0,2554,2865,0.0081,2462
delete half + reinsert,4000,no,4000,6.7252,595,98304,24,4042,12110947,24,0,4001,0,1578,2399,1.2533,3192
wide table scan,300,no,50,0.0228,2193,614400,150,0,22350,150,0,1,0,252,2330,0.0044,11293
wide table scan,1200,no,50,0.5228,96,2457600,30000,0,60000,30000,29700,1,0,10124,12506,0.005,9910
